{
  "ACES": {
    "value": 6369.0,
    "ts": 1777942205.8055127
  },
  "ADMR": {
    "value": 78085.0,
    "ts": 1777942205.8055127
  },
  "ADRO": {
    "value": 73474.0,
    "ts": 1777942205.8055127
  },
  "AKRA": {
    "value": 31515.0,
    "ts": 1777942343.4562528
  },
  "AMMN": {
    "value": 358965.0,
    "ts": 1777942343.4562528
  },
  "AMRT": {
    "value": 59172.0,
    "ts": 1777942343.4562528
  },
  "ANTM": {
    "value": 91317.0,
    "ts": 1777942343.4562528
  },
  "ARTO": {
    "value": 17327.0,
    "ts": 1777942343.4562528
  },
  "ASII": {
    "value": 245938.0,
    "ts": 1777942343.4562528
  },
  "AUTO": {
    "value": 12531.0,
    "ts": 1777942343.4562528
  },
  "AVIA": {
    "value": 24286.0,
    "ts": 1777942343.4562528
  },
  "BBCA": {
    "value": 727323.0,
    "ts": 1777942343.4562528
  },
  "BBNI": {
    "value": 143222.0,
    "ts": 1777942343.4562528
  },
  "BBRI": {
    "value": 456193.0,
    "ts": 1777942343.4562528
  },
  "BBTN": {
    "value": 19087.0,
    "ts": 1777942343.4562528
  },
  "BBYB": {
    "value": 4032.0,
    "ts": 1777942343.4562528
  },
  "BDKR": {
    "value": 789.0,
    "ts": 1777942343.4562528
  },
  "BFIN": {
    "value": 11731.0,
    "ts": 1777942343.4562528
  },
  "BMRI": {
    "value": 412533.0,
    "ts": 1777942343.4562528
  },
  "BMTR": {
    "value": 2786.0,
    "ts": 1777942343.4562528
  },
  "BNGA": {
    "value": 41610.0,
    "ts": 1777942343.4562528
  },
  "BRIS": {
    "value": 82571.0,
    "ts": 1777942343.4562528
  },
  "BRMS": {
    "value": 110592.0,
    "ts": 1777942343.4562528
  },
  "BRPT": {
    "value": 172964.0,
    "ts": 1777942343.4562528
  },
  "BSDE": {
    "value": 16302.0,
    "ts": 1777942343.4562528
  },
  "BTPS": {
    "value": 7511.0,
    "ts": 1777942343.4562528
  },
  "CMRY": {
    "value": 35468.0,
    "ts": 1777942343.4562528
  },
  "CPIN": {
    "value": 67068.0,
    "ts": 1777942343.4562528
  },
  "CTRA": {
    "value": 12512.0,
    "ts": 1777942343.4562528
  },
  "DEWA": {
    "value": 20100.0,
    "ts": 1777942343.4562528
  },
  "DSNG": {
    "value": 18550.0,
    "ts": 1777942343.4562528
  },
  "ELSA": {
    "value": 5583.0,
    "ts": 1777942343.4562528
  },
  "EMTK": {
    "value": 50063.0,
    "ts": 1777942343.4562528
  },
  "ENRG": {
    "value": 44789.0,
    "ts": 1777942343.4562528
  },
  "ERAA": {
    "value": 6603.0,
    "ts": 1777942343.4562528
  },
  "ESSA": {
    "value": 15160.0,
    "ts": 1777942343.4562528
  },
  "EXCL": {
    "value": 55146.0,
    "ts": 1777942343.4562528
  },
  "FILM": {
    "value": 30921.0,
    "ts": 1777942343.4562528
  },
  "GGRM": {
    "value": 31122.0,
    "ts": 1777942343.4562528
  },
  "GJTL": {
    "value": 4182.0,
    "ts": 1777942343.4562528
  },
  "GOTO": {
    "value": 60748.0,
    "ts": 1777942343.4562528
  },
  "HEAL": {
    "value": 17056.0,
    "ts": 1777942343.4562528
  },
  "HMSP": {
    "value": 86657.0,
    "ts": 1777942343.4562528
  },
  "HRUM": {
    "value": 13383.0,
    "ts": 1777942343.4562528
  },
  "ICBP": {
    "value": 79301.0,
    "ts": 1777942343.4562528
  },
  "INCO": {
    "value": 72461.0,
    "ts": 1777942343.4562528
  },
  "INDF": {
    "value": 61024.0,
    "ts": 1777942343.4562528
  },
  "INDY": {
    "value": 19278.0,
    "ts": 1777942343.4562528
  },
  "INET": {
    "value": 6757.0,
    "ts": 1777942343.4562528
  },
  "INKP": {
    "value": 53342.0,
    "ts": 1777942343.4562528
  },
  "INTP": {
    "value": 18017.0,
    "ts": 1777942343.4562528
  },
  "ISAT": {
    "value": 67082.0,
    "ts": 1777942343.4562528
  },
  "ITMG": {
    "value": 30169.0,
    "ts": 1777942343.4562528
  },
  "JPFA": {
    "value": 30841.0,
    "ts": 1777942343.4562528
  },
  "JSMR": {
    "value": 21774.0,
    "ts": 1777942343.4562528
  },
  "KIJA": {
    "value": 3728.0,
    "ts": 1777942343.4562528
  },
  "KLBF": {
    "value": 40494.0,
    "ts": 1777942343.4562528
  },
  "KPIG": {
    "value": 11184.0,
    "ts": 1777942343.4562528
  },
  "LSIP": {
    "value": 11048.0,
    "ts": 1777942343.4562528
  },
  "MAPA": {
    "value": 17815.0,
    "ts": 1777942343.4562528
  },
  "MAPI": {
    "value": 21497.0,
    "ts": 1777942343.4562528
  },
  "MARK": {
    "value": 3021.0,
    "ts": 1777942343.4562528
  },
  "MBMA": {
    "value": 72897.0,
    "ts": 1777942343.4562528
  },
  "MDKA": {
    "value": 78314.0,
    "ts": 1777942343.4562528
  },
  "MEDC": {
    "value": 43988.0,
    "ts": 1777942343.4562528
  },
  "MIDI": {
    "value": 11836.0,
    "ts": 1777942343.4562528
  },
  "MIKA": {
    "value": 26633.0,
    "ts": 1777942343.4562528
  },
  "MNCN": {
    "value": 3612.0,
    "ts": 1777942343.4562528
  },
  "MTEL": {
    "value": 41780.0,
    "ts": 1777942343.4562528
  },
  "MYOR": {
    "value": 39575.0,
    "ts": 1777942343.4562528
  },
  "NCKL": {
    "value": 65307.0,
    "ts": 1777942343.4562528
  },
  "NISP": {
    "value": 30403.0,
    "ts": 1777942343.4562528
  },
  "PANI": {
    "value": 155806.0,
    "ts": 1777942343.4562528
  },
  "PGAS": {
    "value": 45816.0,
    "ts": 1777942343.4562528
  },
  "PGEO": {
    "value": 43144.0,
    "ts": 1777942343.4562528
  },
  "PNLF": {
    "value": 8070.0,
    "ts": 1777942343.4562528
  },
  "PTBA": {
    "value": 33986.0,
    "ts": 1777942343.4562528
  },
  "PTPP": {
    "value": 1575.0,
    "ts": 1777942343.4562528
  },
  "PTRO": {
    "value": 51187.0,
    "ts": 1777942343.4562528
  },
  "PWON": {
    "value": 15218.0,
    "ts": 1777942343.4562528
  },
  "RAJA": {
    "value": 17585.0,
    "ts": 1777942343.4562528
  },
  "SCMA": {
    "value": 19528.0,
    "ts": 1777942343.4562528
  },
  "SIDO": {
    "value": 14520.0,
    "ts": 1777942343.4562528
  },
  "SMGR": {
    "value": 13638.0,
    "ts": 1777942343.4562528
  },
  "SMIL": {
    "value": 2450.0,
    "ts": 1777942343.4562528
  },
  "SMRA": {
    "value": 5118.0,
    "ts": 1777942343.4562528
  },
  "SRTG": {
    "value": 24959.0,
    "ts": 1777942343.4562528
  },
  "SSIA": {
    "value": 8117.0,
    "ts": 1777942343.4562528
  },
  "SSMS": {
    "value": 13526.0,
    "ts": 1777942343.4562528
  },
  "SURI": {
    "value": 494.0,
    "ts": 1777942343.4562528
  },
  "TINS": {
    "value": 28525.0,
    "ts": 1777942343.4562528
  },
  "TKIM": {
    "value": 27552.0,
    "ts": 1777942343.4562528
  },
  "TLKM": {
    "value": 284309.0,
    "ts": 1777942343.4562528
  },
  "TOBA": {
    "value": 4665.0,
    "ts": 1777942343.4562528
  },
  "TOWR": {
    "value": 28485.0,
    "ts": 1777942343.4562528
  },
  "TPIA": {
    "value": 439046.0,
    "ts": 1777942343.4562528
  },
  "UNIQ": {
    "value": 399.0,
    "ts": 1777942343.4562528
  },
  "UNTR": {
    "value": 108547.0,
    "ts": 1777942343.4562528
  },
  "UNVR": {
    "value": 59705.0,
    "ts": 1777942343.4562528
  },
  "WIFI": {
    "value": 12475.0,
    "ts": 1777942343.4562528
  }
}